{"cameraMode":{"drawMode":0,"name":"Shaded","section":"Shading Mode"},"sceneLighting":false,"audioPlay":false,"sceneViewState":{"m_AlwaysRefresh":false,"showFog":true,"showSkybox":false,"showFlares":true,"showImageEffects":true,"showParticleSystems":true,"showVisualEffectGraphs":true,"m_FxEnabled":true},"in2DMode":false,"pivot":{"x":-10.521526336669922,"y":-8.077595710754395,"z":9.006927490234375},"rotation":{"x":-0.011019446887075901,"y":0.9420495629310608,"z":-0.031096894294023515,"w":-0.33376798033714297},"size":0.49344515800476076,"orthographic":true}