{"cameraMode":{"drawMode":0,"name":"Shaded","section":"Shading Mode"},"sceneLighting":true,"audioPlay":false,"sceneViewState":{"showFog":true,"showMaterialUpdate":false,"showSkybox":true,"showFlares":true,"showImageEffects":true,"showParticleSystems":true},"in2DMode":false,"pivot":{"x":-11.717693328857422,"y":-8.435497283935547,"z":20.46078109741211},"rotation":{"x":0.17092162370681764,"y":0.7920575141906738,"z":-0.2570483982563019,"w":0.5266625881195068},"size":4.683160781860352,"orthographic":false}