{"cameraMode":{"drawMode":0,"name":"Shaded","section":"Shading Mode"},"sceneLighting":false,"audioPlay":false,"sceneViewState":{"m_AlwaysRefresh":false,"showFog":true,"showSkybox":false,"showFlares":true,"showImageEffects":true,"showParticleSystems":true,"showVisualEffectGraphs":true,"m_FxEnabled":true},"in2DMode":false,"pivot":{"x":0.16715556383132935,"y":0.281095415353775,"z":0.3873157203197479},"rotation":{"x":-0.000013368638065003324,"y":0.9996288418769836,"z":0.0006015273393131793,"w":0.027292782440781595},"size":0.32849782705307009,"orthographic":true}