{"cameraMode":{"drawMode":0,"name":"Shaded","section":"Shading Mode"},"sceneLighting":false,"audioPlay":false,"sceneViewState":{"m_AlwaysRefresh":false,"showFog":true,"showSkybox":false,"showFlares":true,"showImageEffects":true,"showParticleSystems":true,"showVisualEffectGraphs":true,"m_FxEnabled":true},"in2DMode":false,"pivot":{"x":-13.489999771118164,"y":-11.55828857421875,"z":20.479999542236329},"rotation":{"x":0.24265223741531373,"y":0.41015341877937319,"z":-0.11417645215988159,"w":0.8716802000999451},"size":0.061237089335918429,"orthographic":true}