{"cameraMode":{"drawMode":0,"name":"Shaded","section":"Shading Mode"},"sceneLighting":false,"audioPlay":false,"sceneViewState":{"m_AlwaysRefresh":false,"showFog":true,"showSkybox":false,"showFlares":true,"showImageEffects":true,"showParticleSystems":true,"showVisualEffectGraphs":true,"m_FxEnabled":true},"in2DMode":false,"pivot":{"x":5.132575988769531,"y":0.8640094995498657,"z":3.3766672611236574},"rotation":{"x":-0.0030919492710381748,"y":0.9921456575393677,"z":-0.12265259027481079,"w":-0.024992426857352258},"size":1.5719894170761109,"orthographic":true}